{
  "train_size": 11930,
  "test_size": 5114,
  "accuracy": 0.9947203754399687,
  "f1_scores_by_class": {
    "lot": 0.9929976658886296,
    "other": 0.9935882213251009,
    "pond": 0.9980119284294234
  },
  "class_iou": {
    "0.0": 0.9992202537250892,
    "1.0": 0.49835895664190705,
    "2.0": 0.6878511468041509
  },
  "miou": 0.7284767857237157,
  "foreground_iou": 0.6618452894217128
}